file,scan_preset,iteration,relaxation,time_sec,mse,psnr,ssim
sart_i100_r0.70_ge_scan.npy,ge_scan,100,0.7,113.736,0.006564716739655385,21.82784008501939,0.6581154846662168
sart_i75_r1.00_ge_scan.npy,ge_scan,75,1.0,77.0749,0.006565592890473658,21.827260498586206,0.649631040845826
sart_i100_r0.60_ge_scan.npy,ge_scan,100,0.6,103.87,0.006565645348333131,21.827225799407827,0.6553420495533738
sart_i100_r0.80_ge_scan.npy,ge_scan,100,0.8,97.7768,0.006566263163994926,21.826817155176563,0.6598404028998536
sart_i100_r1.00_ge_scan.npy,ge_scan,100,1.0,105.52,0.006566269977117813,21.82681264896037,0.6617295071652397
sart_i100_r0.90_ge_scan.npy,ge_scan,100,0.9,101.275,0.006568453099891632,21.82536896693197,0.6609340274863024
sart_i75_r0.90_ge_scan.npy,ge_scan,75,0.9,79.3755,0.006570933507308357,21.823729275066658,0.6485213776770441
sart_i100_r0.50_ge_scan.npy,ge_scan,100,0.5,98.7811,0.006572529045305263,21.82267485984182,0.6507480528135478
sart_i75_r0.80_ge_scan.npy,ge_scan,75,0.8,76.2104,0.006572772407124321,21.8225140560816,0.6470723613331875
sart_i75_r0.70_ge_scan.npy,ge_scan,75,0.7,77.076,0.006576338025082786,21.82015872071519,0.6448454956893438
sart_i50_r1.00_ge_scan.npy,ge_scan,50,1.0,49.3436,0.006584444815289776,21.814808378352065,0.6299637482173591
sart_i75_r0.60_ge_scan.npy,ge_scan,75,0.6,78.1803,0.006584520313281222,21.814758581939422,0.6413139848073905
sart_i100_r0.40_ge_scan.npy,ge_scan,100,0.4,100.023,0.006591864875960972,21.809917036510473,0.6430598447708912
sart_i50_r0.90_ge_scan.npy,ge_scan,50,0.9,49.9129,0.006595659268550211,21.807417880806803,0.6285134366684454
sart_i75_r0.50_ge_scan.npy,ge_scan,75,0.5,80.1792,0.00660141352169859,21.803630615876305,0.6358593371458854
sart_i50_r0.80_ge_scan.npy,ge_scan,50,0.8,49.1275,0.006604806336924471,21.801399120446256,0.6267310816096064
sart_i50_r0.70_ge_scan.npy,ge_scan,50,0.7,49.7287,0.006617367680188475,21.79314734021858,0.624238920862077
sart_i75_r0.40_ge_scan.npy,ge_scan,75,0.4,81.5478,0.006634015487954749,21.782235188995283,0.6277477694955368
sart_i100_r0.30_ge_scan.npy,ge_scan,100,0.3,96.9467,0.006636358905204845,21.780701346526428,0.6303178210675099
sart_i50_r0.60_ge_scan.npy,ge_scan,50,0.6,51.7787,0.006636903276615957,21.78034511533496,0.6206874547850936
sart_i30_r1.00_ge_scan.npy,ge_scan,30,1.0,29.1602,0.006645924563238855,21.77444592632245,0.6066868935671555
sart_i30_r0.90_ge_scan.npy,ge_scan,30,0.9,31.346,0.006665341487596665,21.76177595330438,0.6054881150848967
sart_i50_r0.50_ge_scan.npy,ge_scan,50,0.5,49.2132,0.0066678072671102154,21.76016961939446,0.6156521954811924
sart_i30_r0.80_ge_scan.npy,ge_scan,30,0.8,29.9629,0.006684282024018626,21.74945234587871,0.6040380426429907
sart_i75_r0.30_ge_scan.npy,ge_scan,75,0.3,78.1894,0.006694448747307982,21.742851790491223,0.6159128932106448
sart_i30_r0.70_ge_scan.npy,ge_scan,30,0.7,30.3703,0.006708026090725656,21.734052568834613,0.6020334460126179
sart_i50_r0.40_ge_scan.npy,ge_scan,50,0.4,53.3424,0.00671672570164939,21.72842387102897,0.6086663553702069
sart_i20_r1.00_ge_scan.npy,ge_scan,20,1.0,20.4625,0.006720941279343829,21.725698990001064,0.5918132538343647
sart_i100_r0.20_ge_scan.npy,ge_scan,100,0.2,98.175,0.006730565226262604,21.7194846262012,0.6112465272618675
sart_i30_r0.60_ge_scan.npy,ge_scan,30,0.6,33.0486,0.006740380633173136,21.71315577912878,0.5991614637738665
sart_i20_r0.90_ge_scan.npy,ge_scan,20,0.9,20.0424,0.006746595210409899,21.70915346337823,0.5908664464227218
sart_i20_r0.80_ge_scan.npy,ge_scan,20,0.8,21.5759,0.006772569978948091,21.69246498836102,0.589737180709736
sart_i15_r1.00_ge_scan.npy,ge_scan,15,1.0,16.4464,0.0067845282716871135,21.684803434538168,0.5831049919372799
sart_i30_r0.50_ge_scan.npy,ge_scan,30,0.5,31.3015,0.006785214996269872,21.6843638673463,0.595194306660899
sart_i50_r0.30_ge_scan.npy,ge_scan,50,0.3,52.7654,0.006794442746618819,21.67846156590447,0.5990057571941886
sart_i20_r0.70_ge_scan.npy,ge_scan,20,0.7,19.9902,0.006803563806050969,21.672635379015624,0.5881766374113885
sart_i75_r0.20_ge_scan.npy,ge_scan,75,0.2,80.5188,0.006805209907262112,21.671584744048506,0.5995011294456152
sart_i100_r0.15_ge_scan.npy,ge_scan,100,0.15,101.635,0.006812156230489062,21.667154004538197,0.5992777795171237
sart_i15_r0.90_ge_scan.npy,ge_scan,15,0.9,17.5403,0.0068141249088435295,21.66589909699124,0.5823774322448351
sart_i20_r0.60_ge_scan.npy,ge_scan,20,0.6,20.6496,0.006843184091703989,21.64741776687043,0.5859256810968483
sart_i15_r0.80_ge_scan.npy,ge_scan,15,0.8,18.6539,0.00684414110080237,21.646810454973632,0.5814618328387086
sart_i30_r0.40_ge_scan.npy,ge_scan,30,0.4,31.068,0.006848073363702027,21.64431595690673,0.5899239732567458
sart_i15_r0.70_ge_scan.npy,ge_scan,15,0.7,16.4848,0.006879052337715341,21.624713863063953,0.5801435414186266
sart_i10_r1.00_ge_scan.npy,ge_scan,10,1.0,11.1927,0.006882984755712556,21.622231923113326,0.5731806546267091
sart_i75_r0.15_ge_scan.npy,ge_scan,75,0.15,80.0857,0.0068935519194249445,21.615569491331073,0.5893973492471112
sart_i20_r0.50_ge_scan.npy,ge_scan,20,0.5,20.1243,0.006894922713850116,21.614705975282384,0.5827764438643874
sart_i10_r0.90_ge_scan.npy,ge_scan,10,0.9,11.6166,0.0069175239792724445,21.600493267229478,0.5726958959242032
sart_i50_r0.20_ge_scan.npy,ge_scan,50,0.2,53.0172,0.006920136427567319,21.59885343526534,0.5860356816444824
sart_i15_r0.60_ge_scan.npy,ge_scan,15,0.6,17.0692,0.0069224299609039605,21.597414296230966,0.5782406456343344
sart_i100_r0.10_ge_scan.npy,ge_scan,100,0.1,103.261,0.006937195333205394,21.58816076736031,0.5853912735448432
sart_i30_r0.30_ge_scan.npy,ge_scan,30,0.3,30.2618,0.006938467971640195,21.587364120974332,0.5827462147650887
sart_i10_r0.80_ge_scan.npy,ge_scan,10,0.8,11.6223,0.00695266638780394,21.578486090167782,0.5720127894773813
sart_i20_r0.40_ge_scan.npy,ge_scan,20,0.4,20.6067,0.006965079452937057,21.570739250727065,0.5785930797440713
sart_i15_r0.50_ge_scan.npy,ge_scan,15,0.5,15.2219,0.00697906284842026,21.56202890712744,0.5756145777253676
sart_i10_r0.70_ge_scan.npy,ge_scan,10,0.7,11.58,0.00699335755707107,21.553142665412356,0.5710361870899248
sart_i50_r0.15_ge_scan.npy,ge_scan,50,0.15,54.2836,0.007019513347887049,21.53692995798028,0.5780426345958257
sart_i75_r0.10_ge_scan.npy,ge_scan,75,0.1,78.0324,0.007029911874542786,21.530501191678958,0.5777040900316123
sart_i10_r0.60_ge_scan.npy,ge_scan,10,0.6,10.9695,0.007047130686397292,21.519876745996612,0.5695857545854565
sart_i15_r0.40_ge_scan.npy,ge_scan,15,0.4,22.4405,0.0070633025772071254,21.50992189077057,0.5720238917276604
sart_i20_r0.30_ge_scan.npy,ge_scan,20,0.3,19.9973,0.007077055007608283,21.501474287542308,0.5727749502742522
sart_i5_r1.00_ge_scan.npy,ge_scan,5,1.0,6.02387,0.007078062915110517,21.50085581347573,0.5622511882992017
sart_i30_r0.20_ge_scan.npy,ge_scan,30,0.2,32.328,0.007096027852023412,21.489846885601604,0.572881890002284
sart_i10_r0.50_ge_scan.npy,ge_scan,10,0.5,,0.00712952561658587,21.469393662144803,0.5674429754821788
sart_i5_r0.90_ge_scan.npy,ge_scan,5,0.9,6.10402,0.007130545241324901,21.46877260296082,0.5619867039475878
sart_i5_r0.80_ge_scan.npy,ge_scan,5,0.8,6.17344,0.007198297257029659,21.427702229203835,0.561424119612319
sart_i50_r0.10_ge_scan.npy,ge_scan,50,0.1,54.0146,0.007218199448311343,21.415711219849726,0.5685093166062994
sart_i15_r0.30_ge_scan.npy,ge_scan,15,0.3,21.5057,0.007224787273744792,21.41174935726969,0.5667212510958145
sart_i100_r0.05_ge_scan.npy,ge_scan,100,0.05,95.9355,0.0072353839082998014,21.405384203386177,0.5681981307607895
sart_i30_r0.15_ge_scan.npy,ge_scan,30,0.15,31.735,0.007271138393729018,21.383975892220604,0.5665000247739075
sart_i10_r0.40_ge_scan.npy,ge_scan,10,0.4,11.3844,0.007278321378514699,21.379687718008924,0.5641532293687286
sart_i5_r0.70_ge_scan.npy,ge_scan,5,0.7,6.38717,0.007298276800321484,21.36779669256855,0.5603899625077765
sart_i20_r0.20_ge_scan.npy,ge_scan,20,0.2,24.0237,0.007343810394129707,21.34078544476504,0.5641869582369194
sart_i1_r1.00_ge_scan.npy,ge_scan,1,1.0,1.41691,0.007417977112799825,21.297145109642805,0.5596402874192454
sart_i5_r0.60_ge_scan.npy,ge_scan,5,0.6,5.74873,0.007457952499349281,21.273803870428516,0.5586685059522553
sart_i75_r0.05_ge_scan.npy,ge_scan,75,0.05,73.1261,0.007473759896362767,21.264608585013278,0.5621606108207027
sart_i10_r0.30_ge_scan.npy,ge_scan,10,0.3,12.1563,0.007596864590953212,21.193656145363388,0.5586381438813617
sart_i15_r0.20_ge_scan.npy,ge_scan,15,0.2,23.3418,0.007656055174753194,21.15994945397813,0.5581207451016268
sart_i20_r0.15_ge_scan.npy,ge_scan,20,0.15,22.3634,0.007688465934826853,21.14160305517369,0.5578558990856641
sart_i30_r0.10_ge_scan.npy,ge_scan,30,0.1,32.4913,0.007722667030515695,21.122326897410737,0.5575654772602664
sart_i5_r0.50_ge_scan.npy,ge_scan,5,0.5,5.89288,0.007728052812388679,21.119299186771116,0.5557942002255575
sart_i50_r0.05_ge_scan.npy,ge_scan,50,0.05,48.2688,0.008083037719498008,20.924253945613867,0.5527853174435808
sart_i1_r0.90_ge_scan.npy,ge_scan,1,0.9,1.2094,0.008121646687658048,20.903559073525074,0.5524487186596666
sart_i2_r1.00_ge_scan.npy,ge_scan,2,1.0,2.5308,0.008165389598201924,20.880230887824712,0.5437318209335305
sart_i15_r0.15_ge_scan.npy,ge_scan,15,0.15,23.0162,0.00820994098860088,20.85659964490439,0.5506429857302978
sart_i5_r0.40_ge_scan.npy,ge_scan,5,0.4,6.03209,0.008215561002665715,20.853627752546863,0.5503114995739671
sart_i2_r0.90_ge_scan.npy,ge_scan,2,0.9,2.63979,0.008225976989333583,20.848125096845422,0.5453105693205078
sart_i2_r0.80_ge_scan.npy,ge_scan,2,0.8,2.5855,0.008420495372525377,20.74662358473518,0.5452450729720256
sart_i10_r0.20_ge_scan.npy,ge_scan,10,0.2,12.7257,0.008440226048701543,20.73645921811658,0.547660066855481
sart_i20_r0.10_ge_scan.npy,ge_scan,20,0.1,21.5094,0.00856586452909673,20.672287983413856,0.5466957210868132
sart_i2_r0.70_ge_scan.npy,ge_scan,2,0.7,2.31881,0.00879256438726905,20.5588444269447,0.5429787361789453
sart_i1_r0.80_ge_scan.npy,ge_scan,1,0.8,1.25424,0.009097604688538723,20.41072938171725,0.543386824256559
sart_i5_r0.30_ge_scan.npy,ge_scan,5,0.3,6.15618,0.0091936453927616,20.365122513945934,0.5397239168064849
sart_i2_r0.60_ge_scan.npy,ge_scan,2,0.6,2.43651,0.009425159264979869,20.257113024147408,0.5380579321167221
sart_i10_r0.15_ge_scan.npy,ge_scan,10,0.15,14.2126,0.00947742782439517,20.233095142701654,0.5369433495074367
sart_i15_r0.10_ge_scan.npy,ge_scan,15,0.1,21.3691,0.009576160224639954,20.188085960921573,0.5361799615945919
sart_i30_r0.05_ge_scan.npy,ge_scan,30,0.05,32.917,0.009676529501094908,20.14280375003021,0.535466865546527
sart_i1_r0.70_ge_scan.npy,ge_scan,1,0.7,1.28134,0.010477821620779142,19.797289994527546,0.5319611541200702
sart_i2_r0.50_ge_scan.npy,ge_scan,2,0.5,2.30851,0.01048716541500437,19.79341881775666,0.5294796694105749
sart_i5_r0.20_ge_scan.npy,ge_scan,5,0.2,6.11615,0.011573016620955659,19.365534231506953,0.5187874506199346
sart_i10_r0.10_ge_scan.npy,ge_scan,10,0.1,12.2721,0.011931133435288007,19.233182972090148,0.5160675149085557
sart_i20_r0.05_ge_scan.npy,ge_scan,20,0.05,22.7369,0.012108219787329675,19.1691970436907,0.5149226283299291
sart_i100_r0.01_ge_scan.npy,ge_scan,100,0.01,95.7235,0.012248442581011975,19.119191293788173,0.5140522494777028
sart_i2_r0.40_ge_scan.npy,ge_scan,2,0.4,2.32937,0.012335935342768228,19.088279155862896,0.5152164334384246
sart_i1_r0.60_ge_scan.npy,ge_scan,1,0.6,1.30009,0.012481269047471103,19.03741255014644,0.517381543279943
sart_i5_r0.15_ge_scan.npy,ge_scan,5,0.15,6.36572,0.014295281413075995,18.448072908171447,0.499461220501122
sart_i15_r0.05_ge_scan.npy,ge_scan,15,0.05,15.7409,0.014815328584607192,18.29288711993633,0.4962394893815059
sart_i75_r0.01_ge_scan.npy,ge_scan,75,0.01,73.3647,0.015013617451136595,18.235146542067476,0.49522421635056774
sart_i1_r0.50_ge_scan.npy,ge_scan,1,0.5,1.19591,0.01547398210061972,18.10397909844102,0.49862284822940567
sart_i2_r0.30_ge_scan.npy,ge_scan,2,0.3,2.26427,0.01580864668725878,18.011053066276844,0.49213721024006013
sart_i1_r0.40_ge_scan.npy,ge_scan,1,0.4,1.18203,0.020047594080022636,16.979377397752536,0.4744542239187505
sart_i5_r0.10_ge_scan.npy,ge_scan,5,0.1,6.23326,0.020077969908813,16.97280200987732,0.4669986850865269
sart_i10_r0.05_ge_scan.npy,ge_scan,10,0.05,11.4982,0.020465042665367333,16.88987345603892,0.46503072564709697
sart_i50_r0.01_ge_scan.npy,ge_scan,50,0.01,48.148,0.02075296109192323,16.82919928150239,0.4638440859210258
sart_i2_r0.20_ge_scan.npy,ge_scan,2,0.2,2.36265,0.02301031448440918,16.380774457420376,0.4551354404513793
sart_i1_r0.30_ge_scan.npy,ge_scan,1,0.3,1.21101,0.026769452077159,15.723605179539582,0.44486706143098903
sart_i2_r0.15_ge_scan.npy,ge_scan,2,0.15,2.42787,0.02937330704280495,15.320471549552938,0.42872675451732845
sart_i30_r0.01_ge_scan.npy,ge_scan,30,0.01,29.7709,0.03074146283382508,15.122754704230488,0.4213180117970479
sart_i5_r0.05_ge_scan.npy,ge_scan,5,0.05,5.76019,0.034335570780404674,14.642557286769485,0.4080409380577946
sart_i1_r0.20_ge_scan.npy,ge_scan,1,0.2,1.14595,0.03629152495636141,14.401947825236562,0.40751390312897423
sart_i2_r0.10_ge_scan.npy,ge_scan,2,0.1,2.50117,0.03823157724950451,14.175777847268128,0.39535799546108424
sart_i20_r0.01_ge_scan.npy,ge_scan,20,0.01,22.5515,0.039215082422457484,14.065468678506047,0.390173039599202
sart_i1_r0.15_ge_scan.npy,ge_scan,1,0.15,1.14363,0.04214780533405492,13.75225034470419,0.38368622655703866
sart_i15_r0.01_ge_scan.npy,ge_scan,15,0.01,16.3953,0.04420934891307699,13.544858810574842,0.3718686092719897
sart_i1_r0.10_ge_scan.npy,ge_scan,1,0.1,1.21668,0.04744321887846448,13.238258530811686,0.3605701846063841
sart_i2_r0.05_ge_scan.npy,ge_scan,2,0.05,2.42192,0.04820040659668702,13.1694929823516,0.3563080142092169
sart_i10_r0.01_ge_scan.npy,ge_scan,10,0.01,12.8517,0.04858953098929948,13.134572929465067,0.3545451285223784
sart_i1_r0.05_ge_scan.npy,ge_scan,1,0.05,1.21756,0.05319560676415967,12.741242330595895,0.3381340572139139
sart_i5_r0.01_ge_scan.npy,ge_scan,5,0.01,5.76966,0.0535380909966991,12.713371184755779,0.33612314386349607
sart_i2_r0.01_ge_scan.npy,ge_scan,2,0.01,2.47927,0.05686398557861565,12.451627040170344,0.32569708704053013
sart_i1_r0.01_ge_scan.npy,ge_scan,1,0.01,1.44511,0.0580330049845061,12.363249408192276,0.3224385567472001
sart_i100_r1.00_hologic_scan.npy,hologic_scan,100,1.0,157.117,0.0068945330253782485,21.614951437548974,0.6043433923880683
sart_i100_r0.90_hologic_scan.npy,hologic_scan,100,0.9,155.617,0.006928776754612144,21.593434314219632,0.6028987777424966
sart_i100_r0.80_hologic_scan.npy,hologic_scan,100,0.8,152.874,0.006963688826454475,21.57160643639297,0.6014701599975065
sart_i100_r0.70_hologic_scan.npy,hologic_scan,100,0.7,156.072,0.0070028628816002515,21.54724377200113,0.5997409204554273
sart_i75_r1.00_hologic_scan.npy,hologic_scan,75,1.0,190.214,0.007004568163101682,21.546186341345276,0.5919484753206999
sart_i75_r0.90_hologic_scan.npy,hologic_scan,75,0.9,191.449,0.007039010330841133,21.524883974016667,0.5907488319278216
sart_i100_r0.60_hologic_scan.npy,hologic_scan,100,0.6,154.173,0.0070466972423359675,21.5201438733733,0.5976562334135506
sart_i75_r0.80_hologic_scan.npy,hologic_scan,75,0.8,129.111,0.007073761437418962,21.50349590854258,0.5895812765373458
sart_i100_r0.50_hologic_scan.npy,hologic_scan,100,0.5,784.241,0.007102118884499702,21.48612062187871,0.5948272533713818
sart_i75_r0.70_hologic_scan.npy,hologic_scan,75,0.7,117.551,0.007113552084721342,21.479134842806992,0.5881003061308637
sart_i75_r0.60_hologic_scan.npy,hologic_scan,75,0.6,117.827,0.007159978458889422,21.450882842842578,0.586275168290037
sart_i50_r1.00_hologic_scan.npy,hologic_scan,50,1.0,113.773,0.007167558823111259,21.446287341752974,0.5773451393974673
sart_i100_r0.40_hologic_scan.npy,hologic_scan,100,0.4,233.076,0.00717730659157248,21.44038501700777,0.5906950053476497
sart_i50_r0.90_hologic_scan.npy,hologic_scan,50,0.9,118.189,0.00720272979504364,21.42502877146484,0.5763847921070343
sart_i75_r0.50_hologic_scan.npy,hologic_scan,75,0.5,119.331,0.007217252275421425,21.416281138918368,0.5838258013087433
sart_i50_r0.80_hologic_scan.npy,hologic_scan,50,0.8,113.947,0.007238261720233632,21.40365717774058,0.5754385737074198
sart_i50_r0.70_hologic_scan.npy,hologic_scan,50,0.7,113.923,0.007278273657331667,21.379716193138457,0.5742123008084312
sart_i100_r0.30_hologic_scan.npy,hologic_scan,100,0.3,249.977,0.007281415245041932,21.37784201267031,0.5844262692975811
sart_i75_r0.40_hologic_scan.npy,hologic_scan,75,0.4,119.51,0.00729148002706776,21.37184309494153,0.5802657698738831
sart_i50_r0.60_hologic_scan.npy,hologic_scan,50,0.6,114.018,0.007323385580855052,21.352880993836628,0.5727009999330323
sart_i30_r1.00_hologic_scan.npy,hologic_scan,30,1.0,52.6014,0.007379612808526526,21.319664240213555,0.5621198691636797
sart_i50_r0.50_hologic_scan.npy,hologic_scan,50,0.5,116.588,0.007379704940702805,21.319610020233416,0.5706038945544561
sart_i75_r0.30_hologic_scan.npy,hologic_scan,75,0.3,113.001,0.007395383856219077,21.310392790962606,0.5746634783602855
sart_i30_r0.90_hologic_scan.npy,hologic_scan,30,0.9,52.2921,0.007413217216193781,21.299932743403858,0.5613325234506457
sart_i100_r0.20_hologic_scan.npy,hologic_scan,100,0.2,249.568,0.007440259581509321,21.284119121892708,0.573935176295094
sart_i30_r0.80_hologic_scan.npy,hologic_scan,30,0.8,52.3239,0.0074477019592334185,21.27977711195642,0.5604945278938387
sart_i50_r0.40_hologic_scan.npy,hologic_scan,50,0.4,118.692,0.007454081945342961,21.276058372040403,0.5674277589169426
sart_i30_r0.70_hologic_scan.npy,hologic_scan,30,0.7,52.3081,0.0074874541493094955,21.256658240701242,0.5594002504577084
sart_i30_r0.60_hologic_scan.npy,hologic_scan,30,0.6,52.1996,0.0075336131377872545,21.229966852261963,0.5580569414687645
sart_i20_r1.00_hologic_scan.npy,hologic_scan,20,1.0,36.9962,0.007551287768900611,21.21978979067926,0.5517010989752029
sart_i75_r0.20_hologic_scan.npy,hologic_scan,75,0.2,140.686,0.007556844456492872,21.216595168297367,0.5649469788952489
sart_i100_r0.15_hologic_scan.npy,hologic_scan,100,0.15,1631.34,0.007559570806972764,21.215028607758573,0.5658852601799689
sart_i50_r0.30_hologic_scan.npy,hologic_scan,50,0.3,108.899,0.0075606015495725785,21.21443649040237,0.5622094321533648
sart_i20_r0.90_hologic_scan.npy,hologic_scan,20,0.9,35.0889,0.007586009928279377,21.199865932448645,0.5510022133516422
sart_i30_r0.50_hologic_scan.npy,hologic_scan,30,0.5,52.6669,0.007592194673950298,21.196326645509377,0.5561446710163559
sart_i20_r0.80_hologic_scan.npy,hologic_scan,20,0.8,36.5649,0.007621894868918501,21.17937045876559,0.5502306646492772
sart_i20_r0.70_hologic_scan.npy,hologic_scan,20,0.7,36.6425,0.007663495690784958,21.15573082467554,0.5492413304388749
sart_i30_r0.40_hologic_scan.npy,hologic_scan,30,0.4,52.7642,0.007671088669054832,21.151429972750332,0.5531030946270715
sart_i15_r1.00_hologic_scan.npy,hologic_scan,15,1.0,27.8739,0.007678745456246696,21.147097286579015,0.5452102646991651
sart_i75_r0.15_hologic_scan.npy,hologic_scan,75,0.15,171.225,0.007681553733156075,21.14550927170515,0.5574267758369421
sart_i20_r0.60_hologic_scan.npy,hologic_scan,20,0.6,34.6667,0.007712499092023682,21.12804874087276,0.5479387989441771
sart_i15_r0.90_hologic_scan.npy,hologic_scan,15,0.9,27.9309,0.00771496390425463,21.12666101515247,0.5445465126908176
sart_i50_r0.20_hologic_scan.npy,hologic_scan,50,0.2,87.9271,0.007732740424109695,21.116665681575128,0.5533328105874709
sart_i100_r0.10_hologic_scan.npy,hologic_scan,100,0.1,248.926,0.007740394055313362,21.112369292793932,0.5545646498895757
sart_i15_r0.80_hologic_scan.npy,hologic_scan,15,0.8,30.2542,0.0077523037251856,21.10569220530546,0.5438077087473486
sart_i20_r0.50_hologic_scan.npy,hologic_scan,20,0.5,35.0301,0.007775299502785773,21.092828730532837,0.5460701309542604
sart_i30_r0.30_hologic_scan.npy,hologic_scan,30,0.3,52.0655,0.007789057292309267,21.085151017013374,0.5483441960288788
sart_i15_r0.70_hologic_scan.npy,hologic_scan,15,0.7,29.1137,0.00779565806052332,21.081472185134572,0.5428426393898356
sart_i15_r0.60_hologic_scan.npy,hologic_scan,15,0.6,28.0448,0.007847719648870615,21.052565200423846,0.5415725319042568
sart_i10_r1.00_hologic_scan.npy,hologic_scan,10,1.0,18.8145,0.007863140931655268,21.044039403719278,0.5373283627755215
sart_i20_r0.40_hologic_scan.npy,hologic_scan,20,0.4,34.8725,0.007864020320701024,21.043553729535247,0.5432264321748406
sart_i50_r0.15_hologic_scan.npy,hologic_scan,50,0.15,86.3706,0.007879005748247596,21.03528582674511,0.5465342770240705
sart_i75_r0.10_hologic_scan.npy,hologic_scan,75,0.1,169.967,0.007885402777845144,21.031761184761013,0.5468762042748352
sart_i10_r0.90_hologic_scan.npy,hologic_scan,10,0.9,18.6596,0.007901709989479361,21.022789139459043,0.5366778492325843
sart_i15_r0.50_hologic_scan.npy,hologic_scan,15,0.5,27.7727,0.007917522920310947,21.01410670722055,0.5397655865138918
sart_i10_r0.80_hologic_scan.npy,hologic_scan,10,0.8,18.6847,0.00794203692657573,21.000680980111444,0.5359676661696349
sart_i10_r0.70_hologic_scan.npy,hologic_scan,10,0.7,16.7383,0.007991336318761524,20.97380591482296,0.535022862952689
sart_i30_r0.20_hologic_scan.npy,hologic_scan,30,0.2,52.2997,0.008012251908888445,20.962454047453683,0.5403326171770924
sart_i20_r0.30_hologic_scan.npy,hologic_scan,20,0.3,35.1755,0.008014844551611522,20.961048963955527,0.5387085646995748
sart_i15_r0.40_hologic_scan.npy,hologic_scan,15,0.4,28.0072,0.008026569740181969,20.9547001651406,0.5369087908533898
sart_i10_r0.60_hologic_scan.npy,hologic_scan,10,0.6,16.4312,0.008057821168964438,20.937823753434913,0.5336901449452047
sart_i5_r1.00_hologic_scan.npy,hologic_scan,5,1.0,8.39256,0.008119929323299047,20.90447750886264,0.5279334929447901
sart_i10_r0.50_hologic_scan.npy,hologic_scan,10,0.5,16.392,0.008159925221713937,20.883138211414586,0.5316763575018776
sart_i50_r0.10_hologic_scan.npy,hologic_scan,50,0.1,86.956,0.00816711883931228,20.8793112496959,0.5364117834309262
sart_i1_r1.00_hologic_scan.npy,hologic_scan,1,1.0,1.86566,0.008174784861822382,20.87523667970775,0.5146090279483295
sart_i100_r0.05_hologic_scan.npy,hologic_scan,100,0.05,243.099,0.008182820793538723,20.870969599114602,0.5361950678401589
sart_i5_r0.90_hologic_scan.npy,hologic_scan,5,0.9,8.33324,0.008202718993237037,20.860421661494936,0.5266809322621797
sart_i15_r0.30_hologic_scan.npy,hologic_scan,15,0.3,27.6247,0.008234294204411068,20.843736200845044,0.5321261049460173
sart_i30_r0.15_hologic_scan.npy,hologic_scan,30,0.15,52.8464,0.008252107520686577,20.834351220298775,0.5335628561414032
sart_i5_r0.80_hologic_scan.npy,hologic_scan,5,0.8,8.23118,0.008297807507878154,20.810366441317715,0.5252933796114669
sart_i10_r0.40_hologic_scan.npy,hologic_scan,10,0.4,16.3252,0.008340973824996477,20.787832416725035,0.5283165488160269
sart_i20_r0.20_hologic_scan.npy,hologic_scan,20,0.2,36.3794,0.008363885296635412,20.775919317821373,0.5302286655122218
sart_i5_r0.70_hologic_scan.npy,hologic_scan,5,0.7,8.34125,0.008423551312529833,20.745047742634597,0.5235517349168555
sart_i75_r0.05_hologic_scan.npy,hologic_scan,75,0.05,169.344,0.008496703504898428,20.707495363230393,0.528228919193086
sart_i5_r0.60_hologic_scan.npy,hologic_scan,5,0.6,8.74875,0.008611259538456923,20.64933321183397,0.5209839831838362
sart_i1_r0.90_hologic_scan.npy,hologic_scan,1,0.9,1.85612,0.008687582226085767,20.61101071879088,0.5084959027002002
sart_i10_r0.30_hologic_scan.npy,hologic_scan,10,0.3,16.3668,0.008713482842723198,20.59808219614469,0.5220984128565331
sart_i15_r0.20_hologic_scan.npy,hologic_scan,15,0.2,28.1521,0.008753954949002208,20.57795692752616,0.5222927924750698
sart_i20_r0.15_hologic_scan.npy,hologic_scan,20,0.15,36.759,0.008778737006699375,20.565679613691003,0.5222118944713533
sart_i30_r0.10_hologic_scan.npy,hologic_scan,30,0.1,52.3872,0.00880755510156089,20.551446311181664,0.5219177964473782
sart_i2_r1.00_hologic_scan.npy,hologic_scan,2,1.0,3.75123,0.00885621994845386,20.52751606084434,0.5158807897021493
sart_i5_r0.50_hologic_scan.npy,hologic_scan,5,0.5,8.83267,0.008912382177952434,20.50006198492486,0.5169343003710605
sart_i2_r0.90_hologic_scan.npy,hologic_scan,2,0.9,3.76157,0.009005097234422948,20.455115934335257,0.5139314015896109
sart_i50_r0.05_hologic_scan.npy,hologic_scan,50,0.05,87.8449,0.009211695093786311,20.35660445575111,0.5150887564053899
sart_i2_r0.80_hologic_scan.npy,hologic_scan,2,0.8,3.78744,0.009297488423781296,20.31634353704783,0.510170987966981
sart_i1_r0.80_hologic_scan.npy,hologic_scan,1,0.8,1.79906,0.0093467876680396,20.2933762311173,0.5016229381065701
sart_i15_r0.15_hologic_scan.npy,hologic_scan,15,0.15,28.1785,0.009372190214524574,20.281589057046,0.5125771550724401
sart_i5_r0.40_hologic_scan.npy,hologic_scan,5,0.4,8.29797,0.009433990212978688,20.253045786363796,0.5102451852202385
sart_i10_r0.20_hologic_scan.npy,hologic_scan,10,0.2,17.0235,0.009632689036075486,20.16252459447699,0.5087240920348894
sart_i20_r0.10_hologic_scan.npy,hologic_scan,20,0.1,39.4546,0.009743033445498287,20.11305806618774,0.5072782087692692
sart_i2_r0.70_hologic_scan.npy,hologic_scan,2,0.7,3.90658,0.00979822208870465,20.08852720951763,0.5039673345737016
sart_i1_r0.70_hologic_scan.npy,hologic_scan,1,0.7,1.75952,0.010198369085383296,19.914692746940254,0.49392614318586897
sart_i5_r0.30_hologic_scan.npy,hologic_scan,5,0.3,8.3332,0.010411510247359883,19.82486269094458,0.49865445685065746
sart_i2_r0.60_hologic_scan.npy,hologic_scan,2,0.6,4.02503,0.010599652461107978,19.747083740463076,0.4948498514557933
sart_i10_r0.15_hologic_scan.npy,hologic_scan,10,0.15,16.5802,0.010661056674707394,19.721997479125033,0.49565273610563204
sart_i15_r0.10_hologic_scan.npy,hologic_scan,15,0.1,28.2312,0.010746817694833084,19.687201182765843,0.4944744938080669
sart_i30_r0.05_hologic_scan.npy,hologic_scan,30,0.05,52.1714,0.01083455565982447,19.651888949988326,0.49326909003888303
sart_i1_r0.60_hologic_scan.npy,hologic_scan,1,0.6,1.73571,0.011384660387724507,19.436799201596948,0.4844334426772401
sart_i2_r0.50_hologic_scan.npy,hologic_scan,2,0.5,4.21419,0.011719572207973672,19.310882408014812,0.4838506798007342
sart_i5_r0.20_hologic_scan.npy,hologic_scan,5,0.2,8.35788,0.01247422683410873,19.039863629058562,0.4773767438866568
sart_i10_r0.10_hologic_scan.npy,hologic_scan,10,0.1,16.444,0.012771812645889506,18.937474609009254,0.4741947524435968
sart_i20_r0.05_hologic_scan.npy,hologic_scan,20,0.05,44.6608,0.012914563813068863,18.88920257456307,0.4728724022029994
sart_i2_r0.40_hologic_scan.npy,hologic_scan,2,0.4,5.38706,0.01300280995233331,18.859627850068033,0.4735471451451259
sart_i100_r0.01_hologic_scan.npy,hologic_scan,100,0.01,246.592,0.013020511853387954,18.85371942746896,0.472030854201823
sart_i1_r0.50_hologic_scan.npy,hologic_scan,1,0.5,1.84529,0.01311329534572965,18.82288157232218,0.4723913336290007
sart_i5_r0.15_hologic_scan.npy,hologic_scan,5,0.15,8.2333,0.014414306037518592,18.412062614499757,0.4617673374104482
sart_i15_r0.05_hologic_scan.npy,hologic_scan,15,0.05,28.2301,0.014803719133951591,18.29629163223785,0.45869585451218275
sart_i75_r0.01_hologic_scan.npy,hologic_scan,75,0.01,169.124,0.01494009079926449,18.25646763062809,0.45777378266846896
sart_i2_r0.30_hologic_scan.npy,hologic_scan,2,0.3,4.66112,0.015095521321794623,18.21151884080487,0.4590072485533095
sart_i1_r0.40_hologic_scan.npy,hologic_scan,1,0.4,1.82775,0.01578649914880723,18.017141694803886,0.45641711850289957
sart_i5_r0.10_hologic_scan.npy,hologic_scan,5,0.1,8.61186,0.018069916244610247,17.43043860421243,0.43950683088370124
sart_i10_r0.05_hologic_scan.npy,hologic_scan,10,0.05,16.6974,0.01837702132017132,17.35724880819725,0.4376016058874961
sart_i50_r0.01_hologic_scan.npy,hologic_scan,50,0.01,87.0135,0.018578388211418592,17.30991966405362,0.43651139970501374
sart_i2_r0.20_hologic_scan.npy,hologic_scan,2,0.2,4.54341,0.019402043156097903,17.12152533745208,0.4346730254414799
sart_i1_r0.30_hologic_scan.npy,hologic_scan,1,0.3,1.85596,0.0202219525206561,16.941769136308825,0.43434820494525744
sart_i2_r0.15_hologic_scan.npy,hologic_scan,2,0.15,6.19082,0.02351574814967736,16.286411996902654,0.41654410841073064
sart_i30_r0.01_hologic_scan.npy,hologic_scan,30,0.01,52.4337,0.02504988884793354,16.011941968560656,0.40923520852177236
sart_i5_r0.05_hologic_scan.npy,hologic_scan,5,0.05,9.39802,0.027516274496241947,15.604103667755487,0.4008004492009663
sart_i1_r0.20_hologic_scan.npy,hologic_scan,1,0.2,1.86475,0.027975348284951115,15.532244979259453,0.4037742239482922
sart_i2_r0.10_hologic_scan.npy,hologic_scan,2,0.1,3.98733,0.030400881809263154,15.171138190444411,0.3923907645021841
sart_i20_r0.01_hologic_scan.npy,hologic_scan,20,0.01,37.7529,0.031436362564638796,15.025677110262382,0.38845855167126714
sart_i1_r0.15_hologic_scan.npy,hologic_scan,1,0.15,1.81056,0.03376952045714828,14.714751065038554,0.3844315736739035
sart_i15_r0.01_hologic_scan.npy,hologic_scan,15,0.01,28.1196,0.03613614997265096,14.420581200291398,0.37484385886463356
sart_i1_r0.10_hologic_scan.npy,hologic_scan,1,0.1,2.09541,0.04006222970458381,13.972648832638777,0.36564420672047304
sart_i2_r0.05_hologic_scan.npy,hologic_scan,2,0.05,3.91723,0.04116810509470282,13.854391224572991,0.3614201286452164
sart_i10_r0.01_hologic_scan.npy,hologic_scan,10,0.01,16.6229,0.04160602727265276,13.808437505837322,0.35988629695595453
sart_i1_r0.05_hologic_scan.npy,hologic_scan,1,0.05,1.83938,0.04604249386490524,13.368411610971014,0.3481474977451178
sart_i5_r0.01_hologic_scan.npy,hologic_scan,5,0.01,9.13777,0.04646434047776402,13.32880222915185,0.346414166384366
sart_i2_r0.01_hologic_scan.npy,hologic_scan,2,0.01,4.10149,0.04990233292292766,13.018791507319015,0.3374544876749475
sart_i1_r0.01_hologic_scan.npy,hologic_scan,1,0.01,1.96225,0.05113752386087484,12.912603048508153,0.33439993442173893
sart_i75_r1.00.npy,siemens_scan,75,1.0,315.979,0.003092991918776361,25.096212146995104,0.7767158963023968
sart_i100_r1.00.npy,siemens_scan,100,1.0,282.117,0.003093029303002577,25.096159655215416,0.7779618310394485
sart_i50_r1.00.npy,siemens_scan,50,1.0,178.099,0.0031006083300034897,25.08553090538331,0.7734611760866984
sart_i100_r0.90.npy,siemens_scan,100,0.9,275.533,0.0031142760832269007,25.066428894855765,0.7774212167695296
sart_i75_r0.90.npy,siemens_scan,75,0.9,328.308,0.0031148862078121606,25.065578142445993,0.7761528211258103
sart_i50_r0.90.npy,siemens_scan,50,0.9,173.323,0.0031236167247974036,25.053422604916932,0.7728286043335081
sart_i30_r1.00.npy,siemens_scan,30,1.0,95.7261,0.003124086380956923,25.052769663906762,0.7660694753258341
sart_i100_r0.80.npy,siemens_scan,100,0.8,288.241,0.0031335580550264897,25.039622547715446,0.7769293641406767
sart_i75_r0.80.npy,siemens_scan,75,0.8,316.882,0.0031350363788511288,25.037574152662355,0.7756264223060879
sart_i50_r0.80.npy,siemens_scan,50,0.8,176.274,0.0031452087941791973,25.023505186924847,0.7722406437897762
sart_i30_r0.90.npy,siemens_scan,30,0.9,332.195,0.0031486171050168397,25.018801495536493,0.7654246695275908
sart_i100_r0.70.npy,siemens_scan,100,0.7,422.381,0.0031509938890092373,25.015524390894534,0.7764235141610119
sart_i75_r0.70.npy,siemens_scan,75,0.7,326.206,0.003153563412204985,25.011984317409567,0.7750831496403825
sart_i20_r1.00.npy,siemens_scan,20,1.0,59.5431,0.0031540823275861747,25.011269749418812,0.7563258189359221
sart_i50_r0.70.npy,siemens_scan,50,0.7,170.821,0.003165534527423085,24.99552945138074,0.7716359104654558
sart_i100_r0.60.npy,siemens_scan,100,0.6,269.727,0.0031669905659272523,24.993532303356467,0.7758294054993455
sart_i75_r0.60.npy,siemens_scan,75,0.6,275.653,0.0031708467619889825,24.98824745683625,0.7744185152279397
sart_i30_r0.80.npy,siemens_scan,30,0.8,88.4598,0.0031721503669178237,24.986462343510034,0.764786885492001
sart_i20_r0.90.npy,siemens_scan,20,0.9,62.6145,0.0031798120676549218,24.975985468055903,0.75550074669803
sart_i100_r0.50.npy,siemens_scan,100,0.5,283.051,0.003180730732522082,24.9747309490696,0.7753353829749147
sart_i15_r1.00.npy,siemens_scan,15,1.0,48.8459,0.0031811165305334777,24.974204215431538,0.7477864851139122
sart_i50_r0.60.npy,siemens_scan,50,0.6,159.008,0.003184855409833898,24.969102795410866,0.7709343210239566
sart_i75_r0.50.npy,siemens_scan,75,0.5,195.598,0.0031866193658550124,24.966698088768112,0.7738339843322294
sart_i100_r0.40.npy,siemens_scan,100,0.4,280.589,0.003194318663560554,24.95621761045797,0.7747040834539392
sart_i30_r0.70.npy,siemens_scan,30,0.7,822.459,0.003194888077915553,24.955443512755533,0.7640751431466739
sart_i75_r0.40.npy,siemens_scan,75,0.4,214.18,0.0032028147458642185,24.944681806542146,0.773081310029371
sart_i50_r0.50.npy,siemens_scan,50,0.5,139.672,0.003203782803947973,24.94336933987363,0.7702823032019694
sart_i20_r0.80.npy,siemens_scan,20,0.8,65.2177,0.0032049676640325017,24.94176347862198,0.7546812850459098
sart_i15_r0.90.npy,siemens_scan,15,0.9,52.4589,0.0032080288805096425,24.93761730603113,0.7469140061640575
sart_i100_r0.30.npy,siemens_scan,100,0.3,280.038,0.003209494590268799,24.93563351999765,0.7739314305891706
sart_i30_r0.60.npy,siemens_scan,30,0.6,87.7178,0.003217171515829287,24.925257851059264,0.7631512581058263
sart_i75_r0.30.npy,siemens_scan,75,0.3,238.794,0.003222135226134156,24.918562371224144,0.7720483989456974
sart_i50_r0.40.npy,siemens_scan,50,0.4,163.458,0.003224184485527382,24.91580116136719,0.7694029422538906
sart_i10_r1.00.npy,siemens_scan,10,1.0,27.0003,0.0032262173193506674,24.913063817034192,0.7362751838177446
sart_i20_r0.70.npy,siemens_scan,20,0.7,63.7239,0.0032299900223380436,24.90798819232434,0.7537491431125322
sart_i100_r0.20.npy,siemens_scan,100,0.2,282.698,0.0032334208854259893,24.90337760801068,0.7723521119000953
sart_i15_r0.80.npy,siemens_scan,15,0.8,59.8073,0.0032348415969076626,24.901469809220895,0.7460411854698152
sart_i30_r0.50.npy,siemens_scan,30,0.5,99.4215,0.0032406854009331856,24.89363127335679,0.762171247525629
sart_i50_r0.30.npy,siemens_scan,50,0.3,164.907,0.003250019682828877,24.881140088309458,0.768144330358532
sart_i75_r0.20.npy,siemens_scan,75,0.2,221.979,0.0032535176442908486,24.876468336827383,0.7701490079361125
sart_i100_r0.15.npy,siemens_scan,100,0.15,276.965,0.003255397161684373,24.873960195056696,0.770807039601001
sart_i20_r0.60.npy,siemens_scan,20,0.6,64.847,0.0032554847253828964,24.873843380063747,0.752548267120073
sart_i10_r0.90.npy,siemens_scan,10,0.9,26.9764,0.0032560925854582257,24.873032546483344,0.7354284001776055
sart_i15_r0.70.npy,siemens_scan,15,0.7,43.792,0.0032621354804723483,24.86498006140711,0.7450668021884774
sart_i30_r0.40.npy,siemens_scan,30,0.4,100.18,0.003267771923413321,24.857482629901988,0.7607360201024569
sart_i75_r0.15.npy,siemens_scan,75,0.15,191.959,0.0032825577139707625,24.83787629400346,0.7682279238092999
sart_i20_r0.50.npy,siemens_scan,20,0.5,53.397,0.003284103139332919,24.83583212045967,0.7512170185087589
sart_i10_r0.80.npy,siemens_scan,10,0.8,26.325,0.003286550416110345,24.832597011987417,0.734551399740693
sart_i15_r0.60.npy,siemens_scan,15,0.6,40.508,0.0032908980692435965,24.82685569133947,0.7437939764709879
sart_i50_r0.20.npy,siemens_scan,50,0.2,164.211,0.0032944271028008125,24.822200978300934,0.7652177092681162
sart_i100_r0.10.npy,siemens_scan,100,0.1,281.079,0.0032981782997100026,24.817258700720085,0.7677862424084256
sart_i30_r0.30.npy,siemens_scan,30,0.3,99.1993,0.0033051765544424676,24.8080533661037,0.7582417806567003
sart_i10_r0.70.npy,siemens_scan,10,0.7,27.0476,0.0033188008143579806,24.79018812014734,0.7335577394374461
sart_i20_r0.40.npy,siemens_scan,20,0.4,63.1739,0.0033193102963366473,24.789521469021114,0.7492366449984077
sart_i15_r0.50.npy,siemens_scan,15,0.5,40.2021,0.0033246288055058947,24.782568365923296,0.742350730911267
sart_i50_r0.15.npy,siemens_scan,50,0.15,140.634,0.003336877709800161,24.766597091175054,0.7615303250133028
sart_i75_r0.10.npy,siemens_scan,75,0.1,191.692,0.0033392763205450475,24.7634764218471,0.7634188669951404
sart_i5_r1.00.npy,siemens_scan,5,1.0,13.6047,0.003340219504951337,24.76224992273252,0.719762285779657
sart_i10_r0.60.npy,siemens_scan,10,0.6,27.261,0.0033548093346904046,24.743321572371187,0.7322079679825907
sart_i15_r0.40.npy,siemens_scan,15,0.4,46.8621,0.003368189878151253,24.726034335889867,0.7402911565251266
sart_i20_r0.30.npy,siemens_scan,20,0.3,64.581,0.003371266781327432,24.722068787237724,0.7460277850501943
sart_i5_r0.90.npy,siemens_scan,5,0.9,13.4597,0.0033716362894910695,24.721592804252467,0.7183580659438671
sart_i30_r0.20.npy,siemens_scan,30,0.2,99.3581,0.0033746482799968053,24.71771484467449,0.752546162973055
sart_i10_r0.50.npy,siemens_scan,10,0.5,26.945,0.0033996959061850284,24.685599277142558,0.7306886734008856
sart_i5_r0.80.npy,siemens_scan,5,0.8,12.7916,0.0034119198631779534,24.670011777941756,0.7168896604075004
sart_i50_r0.10.npy,siemens_scan,50,0.1,164.356,0.003420406088916299,24.659223291176176,0.7528036426803221
sart_i100_r0.05.npy,siemens_scan,100,0.05,275.246,0.003424974064291279,24.653427128658123,0.7543811235759921
sart_i15_r0.30.npy,siemens_scan,15,0.3,51.4635,0.003434898795870135,24.640860542500306,0.7370682396368587
sart_i30_r0.15.npy,siemens_scan,30,0.15,99.7316,0.0034430821880561363,24.630526103498603,0.7466866516220256
sart_i10_r0.40.npy,siemens_scan,10,0.4,32.0492,0.0034613351518413154,24.607563470947124,0.7284636955734788
sart_i5_r0.70.npy,siemens_scan,5,0.7,14.1827,0.003462849064197789,24.605664377068443,0.7152010983834306
sart_i20_r0.20.npy,siemens_scan,20,0.2,55.933,0.0034719959947904296,24.594207844867377,0.7396424548951078
sart_i75_r0.05.npy,siemens_scan,75,0.05,206.184,0.003507450406930077,24.550084608979986,0.744929822621379
sart_i5_r0.60.npy,siemens_scan,5,0.6,13.7564,0.0035292051471097446,24.52323096055379,0.7130525802303033
sart_i10_r0.30.npy,siemens_scan,10,0.3,33.2594,0.003562198416541603,24.482818937416134,0.7245952822174238
sart_i15_r0.20.npy,siemens_scan,15,0.2,52.4112,0.0035705520334740155,24.47264633591599,0.7303602273443424
sart_i20_r0.15.npy,siemens_scan,20,0.15,53.663,0.0035762842650727327,24.465679681071364,0.7334159684490954
sart_i30_r0.10.npy,siemens_scan,30,0.1,99.2378,0.0035832083107889177,24.457279432722373,0.7359903670384539
sart_i5_r0.50.npy,siemens_scan,5,0.5,13.726,0.0036207533921089156,24.41201053778263,0.7104421038350663
sart_i50_r0.05.npy,siemens_scan,50,0.05,138.085,0.0036795954107686694,24.34199931470607,0.7304263162340394
sart_i15_r0.15.npy,siemens_scan,15,0.15,47.3347,0.003718631992410616,24.29616798670722,0.7231842041088588
sart_i5_r0.40.npy,siemens_scan,5,0.4,18.5296,0.0037610938751575017,24.2468582665362,0.7067926865735911
sart_i10_r0.20.npy,siemens_scan,10,0.2,32.7896,0.003785762887382848,24.21846590563983,0.7160445673945991
sart_i20_r0.10.npy,siemens_scan,20,0.1,54.9624,0.00380614543280686,24.195146213409565,0.7209602018761828
sart_i2_r1.00.npy,siemens_scan,2,1.0,5.58803,0.00393411256156407,24.05153218344795,0.6862026293480749
sart_i2_r0.90.npy,siemens_scan,2,0.9,5.49064,0.004004344133395219,23.974686063145207,0.6858537920099258
sart_i5_r0.30.npy,siemens_scan,5,0.3,16.7229,0.0040154276625081866,23.962681934546847,0.7006900496051673
sart_i10_r0.15.npy,siemens_scan,10,0.15,27.058,0.004045193965123406,23.93060649338938,0.7073553854088404
sart_i15_r0.10.npy,siemens_scan,15,0.1,53.7235,0.004060409089245578,23.914302087253407,0.7091987645185072
sart_i30_r0.05.npy,siemens_scan,30,0.05,103.103,0.00408029112299475,23.893088495082434,0.7095271303213914
sart_i2_r0.80.npy,siemens_scan,2,0.8,5.8876,0.0041038164601492995,23.86812070929094,0.6845288669719868
sart_i2_r0.70.npy,siemens_scan,2,0.7,5.81672,0.0042481774142383395,23.71797354352246,0.682054662143595
sart_i1_r1.00.npy,siemens_scan,1,1.0,2.89529,0.0043551565006588406,23.609962341921747,0.6746395465907886
sart_i1_r0.90.npy,siemens_scan,1,0.9,2.73294,0.004386460811931668,23.578857462183002,0.6740840898939402
sart_i1_r0.80.npy,siemens_scan,1,0.8,2.88815,0.004464912763765822,23.501870220128897,0.6727673493155176
sart_i2_r0.60.npy,siemens_scan,2,0.6,5.60946,0.004473919333929388,23.493118506249875,0.6778202635493257
sart_i5_r0.20.npy,siemens_scan,5,0.2,17.7327,0.004617478790049016,23.355950907736613,0.6877612944933449
sart_i1_r0.70.npy,siemens_scan,1,0.7,3.35449,0.0046184783085248815,23.355010917748157,0.6703616897644648
sart_i10_r0.10.npy,siemens_scan,10,0.1,34.9788,0.004657182014328558,23.31876788420327,0.6908739360552282
sart_i20_r0.05.npy,siemens_scan,20,0.05,56.809,0.004689128213235196,23.28907892332745,0.6906963943469402
sart_i100_r0.01.npy,siemens_scan,100,0.01,551.089,0.004722331156953012,23.25843560968751,0.6898326662545199
sart_i2_r0.50.npy,siemens_scan,2,0.5,6.75976,0.004763222340001632,23.220991458068813,0.6737188221793677
sart_i1_r0.60.npy,siemens_scan,1,0.6,2.94027,0.004904027624699251,23.09447092074336,0.6661413047077204
sart_i2_r0.40.npy,siemens_scan,2,0.4,6.51979,0.005197124425628875,22.842368855021043,0.6680376212265836
sart_i5_r0.15.npy,siemens_scan,5,0.15,13.145,0.005319394536260072,22.741377971270175,0.6747631112185585
sart_i15_r0.05.npy,siemens_scan,15,0.05,48.3128,0.005397289326767315,22.67824300546871,0.6748575750620897
sart_i1_r0.50.npy,siemens_scan,1,0.5,2.803,0.0054289191506327866,22.652866259618367,0.6591281530137512
sart_i75_r0.01.npy,siemens_scan,75,0.01,210.393,0.005445935182248721,22.63927531956618,0.6741484191506721
sart_i2_r0.30.npy,siemens_scan,2,0.3,6.59866,0.006017642586446515,22.20573610438347,0.6572986818356603
sart_i1_r0.40.npy,siemens_scan,1,0.4,3.52773,0.006440293151685495,21.91094363810722,0.6471862362732764
sart_i5_r0.10.npy,siemens_scan,5,0.1,15.7594,0.006948434822655068,21.581130118756462,0.6485436797882752
sart_i10_r0.05.npy,siemens_scan,10,0.05,27.644,0.007037355952576205,21.525904816100883,0.6474134208251192
sart_i50_r0.01.npy,siemens_scan,50,0.01,165.402,0.007126053460776948,21.471509238270837,0.6469249869212028
sart_i2_r0.20.npy,siemens_scan,2,0.2,6.44055,0.00801301293583964,20.96204156153356,0.6333231840584521
sart_i1_r0.30.npy,siemens_scan,1,0.3,4.15305,0.008588092771647465,20.661032728062413,0.6257004950464424
sart_i2_r0.15.npy,siemens_scan,2,0.15,6.6041,0.01044288805639619,19.811793774350985,0.6087185448956755
sart_i30_r0.01.npy,siemens_scan,30,0.01,104.404,0.011225936201201122,19.497774302746432,0.6011750488834121
sart_i5_r0.05.npy,siemens_scan,5,0.05,14.07,0.013274035971295796,18.769970097982323,0.5826260705033894
sart_i1_r0.20.npy,siemens_scan,1,0.2,4.32415,0.014133125911371034,18.49761771915233,0.5821293222589796
sart_i2_r0.10.npy,siemens_scan,2,0.1,6.3085,0.01623866895571064,17.894495717007974,0.5629559992715033
sart_i20_r0.01.npy,siemens_scan,20,0.01,54.431,0.01727701639533965,17.625312546185704,0.5541496003949815
sart_i1_r0.15.npy,siemens_scan,1,0.15,2.686,0.020290764438805436,16.927015909508278,0.5451961585823359
sart_i15_r0.01.npy,siemens_scan,15,0.01,49.6889,0.02360379682312108,16.270181323391363,0.5171794880592205
sart_i1_r0.10.npy,siemens_scan,1,0.1,3.73826,0.02924811017930645,15.339021899309904,0.49982781543620725
sart_i2_r0.05.npy,siemens_scan,2,0.05,6.34011,0.030847006213514796,15.107869790551069,0.48349253392774866
sart_i10_r0.01.npy,siemens_scan,10,0.01,32.5649,0.031636009135419585,14.99818307721215,0.47668819337016727
sart_i1_r0.05.npy,siemens_scan,1,0.05,2.816,0.043658733030720175,13.599288715987257,0.42381891089166956
sart_i5_r0.01.npy,siemens_scan,5,0.01,18.0728,0.04472305519125523,13.494685359046999,0.41282074240738453
sart_i2_r0.01.npy,siemens_scan,2,0.01,7.23528,0.056337756880298205,12.492004486868115,0.3514087678682567
sart_i1_r0.01.npy,siemens_scan,1,0.01,3.51445,0.06095085289414523,12.150202128572591,0.32986437055828377
